file_name,labeled_fruit,detections,signed_count_error,absolute_count_error,matched_iou_50,missed_iou_50,extra_iou_50
tomates_2020-08-06-11-35-15_side_0080.jpg,7,23,16,16,3,4,20
tomates_2020-08-06-11-35-15_side_0093.jpg,13,28,15,15,7,6,21
tomates_2020-08-06-11-35-15_side_0100.jpg,26,41,15,15,8,18,33
tomates_2020-08-06-11-35-15_side_0139.jpg,11,25,14,14,1,10,24
tomates_2020-08-06-11-35-15_side_0071.jpg,11,24,13,13,4,7,20
tomates_2020-08-06-11-35-15_side_0099.jpg,20,32,12,12,8,12,24
tomates_2020-08-06-11-35-15_side_0101.jpg,17,28,11,11,9,8,19
tomates_2020-08-06-11-35-15_side_0147.jpg,9,20,11,11,5,4,15
tomates_2020-08-06-11-35-15_side_0087.jpg,10,20,10,10,9,1,11
tomates_2020-08-06-11-35-15_side_0094.jpg,14,24,10,10,8,6,16
tomates_2020-08-06-11-35-15_side_0097.jpg,18,28,10,10,8,10,20
tomates_2020-08-06-11-35-15_side_0105.jpg,13,23,10,10,9,4,14
tomates_2020-08-06-11-35-15_side_0107.jpg,14,24,10,10,5,9,19
tomates_2020-08-06-11-35-15_side_0140.jpg,15,25,10,10,9,6,16
tomates_2020-08-06-11-35-15_side_0069.jpg,8,17,9,9,5,3,12
tomates_2020-08-06-11-35-15_side_0075.jpg,17,26,9,9,8,9,18
tomates_2020-08-06-11-35-15_side_0078.jpg,4,13,9,9,0,4,13
tomates_2020-08-06-11-35-15_side_0156.jpg,15,24,9,9,11,4,13
tomates_2020-08-06-11-35-15_side_0158.jpg,14,23,9,9,7,7,16
tomates_2020-08-06-11-35-15_side_0106.jpg,17,25,8,8,9,8,16
tomates_2020-08-06-11-35-15_side_0111.jpg,19,27,8,8,10,9,17
tomates_2020-08-06-11-35-15_side_0146.jpg,10,18,8,8,9,1,9
tomates_2020-08-06-11-35-15_side_0246.jpg,5,13,8,8,1,4,12
tomates_2020-08-06-11-35-15_side_0077.jpg,16,23,7,7,10,6,13
tomates_2020-08-06-11-35-15_side_0081.jpg,8,15,7,7,3,5,12
tomates_2020-08-06-11-35-15_side_0082.jpg,13,20,7,7,7,6,13
tomates_2020-08-06-11-35-15_side_0128.jpg,11,18,7,7,6,5,12
tomates_2020-08-06-11-35-15_side_0134.jpg,14,21,7,7,9,5,12
tomates_2020-08-06-11-35-15_side_0142.jpg,12,19,7,7,7,5,12
tomates_2020-08-06-11-35-15_side_0154.jpg,7,14,7,7,3,4,11
tomates_2020-08-06-11-35-15_side_0160.jpg,10,17,7,7,6,4,11
tomates_2020-08-06-11-35-15_side_0228.jpg,13,20,7,7,11,2,9
tomates_2020-08-06-11-35-15_side_0247.jpg,16,23,7,7,5,11,18
tomates_2020-08-06-11-35-15_side_0113.jpg,15,21,6,6,7,8,14
tomates_2020-08-06-11-35-15_side_0138.jpg,14,20,6,6,6,8,14
tomates_2020-08-06-11-35-15_side_0148.jpg,13,19,6,6,7,6,12
tomates_2020-08-06-11-35-15_side_0153.jpg,8,14,6,6,6,2,8
tomates_2020-08-06-11-35-15_side_0240.jpg,12,18,6,6,5,7,13
tomates_2020-08-06-11-35-15_side_0070.jpg,12,17,5,5,7,5,10
tomates_2020-08-06-11-35-15_side_0074.jpg,11,16,5,5,9,2,7
tomates_2020-08-06-11-35-15_side_0086.jpg,13,18,5,5,8,5,10
tomates_2020-08-06-11-35-15_side_0089.jpg,14,19,5,5,12,2,7
tomates_2020-08-06-11-35-15_side_0092.jpg,10,15,5,5,7,3,8
tomates_2020-08-06-11-35-15_side_0098.jpg,17,22,5,5,11,6,11
tomates_2020-08-06-11-35-15_side_0102.jpg,16,21,5,5,6,10,15
tomates_2020-08-06-11-35-15_side_0103.jpg,22,27,5,5,7,15,20
tomates_2020-08-06-11-35-15_side_0104.jpg,19,24,5,5,7,12,17
tomates_2020-08-06-11-35-15_side_0126.jpg,16,21,5,5,9,7,12
tomates_2020-08-06-11-35-15_side_0127.jpg,9,14,5,5,5,4,9
tomates_2020-08-06-11-35-15_side_0144.jpg,12,17,5,5,5,7,12
tomates_2020-08-06-11-35-15_side_0151.jpg,7,12,5,5,3,4,9
tomates_2020-08-06-11-35-15_side_0159.jpg,16,21,5,5,11,5,10
tomates_2020-08-06-11-35-15_side_0161.jpg,9,14,5,5,4,5,10
tomates_2020-08-06-11-35-15_side_0170.jpg,11,16,5,5,7,4,9
tomates_2020-08-06-11-35-15_side_0195.jpg,4,9,5,5,2,2,7
tomates_2020-08-06-11-35-15_side_0203.jpg,7,12,5,5,6,1,6
tomates_2020-08-06-11-35-15_side_0209.jpg,11,16,5,5,7,4,9
tomates_2020-08-06-11-35-15_side_0218.jpg,19,14,-5,5,10,9,4
tomates_2020-08-06-11-35-15_side_0226.jpg,11,16,5,5,8,3,8
tomates_2020-08-06-11-35-15_side_0237.jpg,5,10,5,5,5,0,5
tomates_2020-08-06-11-35-15_side_0241.jpg,12,17,5,5,5,7,12
tomates_2020-08-06-11-35-15_side_0244.jpg,13,18,5,5,12,1,6
tomates_2020-08-06-11-35-15_side_0072.jpg,16,20,4,4,12,4,8
tomates_2020-08-06-11-35-15_side_0073.jpg,22,18,-4,4,13,9,5
tomates_2020-08-06-11-35-15_side_0085.jpg,7,11,4,4,5,2,6
tomates_2020-08-06-11-35-15_side_0088.jpg,12,16,4,4,6,6,10
tomates_2020-08-06-11-35-15_side_0090.jpg,8,12,4,4,5,3,7
tomates_2020-08-06-11-35-15_side_0096.jpg,21,25,4,4,14,7,11
tomates_2020-08-06-11-35-15_side_0117.jpg,13,17,4,4,4,9,13
tomates_2020-08-06-11-35-15_side_0121.jpg,18,14,-4,4,10,8,4
tomates_2020-08-06-11-35-15_side_0122.jpg,20,16,-4,4,7,13,9
tomates_2020-08-06-11-35-15_side_0129.jpg,15,19,4,4,11,4,8
tomates_2020-08-06-11-35-15_side_0131.jpg,10,6,-4,4,3,7,3
tomates_2020-08-06-11-35-15_side_0135.jpg,27,31,4,4,15,12,16
tomates_2020-08-06-11-35-15_side_0137.jpg,16,20,4,4,10,6,10
tomates_2020-08-06-11-35-15_side_0141.jpg,19,23,4,4,9,10,14
tomates_2020-08-06-11-35-15_side_0155.jpg,11,15,4,4,7,4,8
tomates_2020-08-06-11-35-15_side_0207.jpg,15,19,4,4,6,9,13
tomates_2020-08-06-11-35-15_side_0210.jpg,9,13,4,4,4,5,9
tomates_2020-08-06-11-35-15_side_0219.jpg,18,14,-4,4,6,12,8
tomates_2020-08-06-11-35-15_side_0222.jpg,7,11,4,4,5,2,6
tomates_2020-08-06-11-35-15_side_0229.jpg,18,22,4,4,10,8,12
tomates_2020-08-06-11-35-15_side_0235.jpg,6,10,4,4,1,5,9
tomates_2020-08-06-11-35-15_side_0249.jpg,19,23,4,4,7,12,16
tomates_2020-08-06-11-35-15_side_0079.jpg,6,9,3,3,4,2,5
tomates_2020-08-06-11-35-15_side_0119.jpg,5,8,3,3,2,3,6
tomates_2020-08-06-11-35-15_side_0123.jpg,22,25,3,3,12,10,13
tomates_2020-08-06-11-35-15_side_0125.jpg,15,18,3,3,9,6,9
tomates_2020-08-06-11-35-15_side_0136.jpg,20,23,3,3,10,10,13
tomates_2020-08-06-11-35-15_side_0143.jpg,13,16,3,3,4,9,12
tomates_2020-08-06-11-35-15_side_0145.jpg,15,18,3,3,5,10,13
tomates_2020-08-06-11-35-15_side_0150.jpg,9,12,3,3,5,4,7
tomates_2020-08-06-11-35-15_side_0152.jpg,7,10,3,3,6,1,4
tomates_2020-08-06-11-35-15_side_0157.jpg,13,16,3,3,8,5,8
tomates_2020-08-06-11-35-15_side_0194.jpg,4,7,3,3,4,0,3
tomates_2020-08-06-11-35-15_side_0196.jpg,5,8,3,3,4,1,4
tomates_2020-08-06-11-35-15_side_0197.jpg,5,8,3,3,4,1,4
tomates_2020-08-06-11-35-15_side_0202.jpg,7,10,3,3,5,2,5
tomates_2020-08-06-11-35-15_side_0212.jpg,11,14,3,3,7,4,7
tomates_2020-08-06-11-35-15_side_0225.jpg,12,15,3,3,7,5,8
tomates_2020-08-06-11-35-15_side_0239.jpg,14,11,-3,3,7,7,4
tomates_2020-08-06-11-35-15_side_0248.jpg,10,13,3,3,7,3,6
tomates_2020-08-06-11-35-15_side_0076.jpg,20,22,2,2,9,11,13
tomates_2020-08-06-11-35-15_side_0083.jpg,16,18,2,2,12,4,6
tomates_2020-08-06-11-35-15_side_0084.jpg,13,15,2,2,7,6,8
tomates_2020-08-06-11-35-15_side_0108.jpg,19,21,2,2,9,10,12
tomates_2020-08-06-11-35-15_side_0118.jpg,11,13,2,2,6,5,7
tomates_2020-08-06-11-35-15_side_0173.jpg,12,14,2,2,6,6,8
tomates_2020-08-06-11-35-15_side_0199.jpg,6,8,2,2,4,2,4
tomates_2020-08-06-11-35-15_side_0200.jpg,6,8,2,2,5,1,3
tomates_2020-08-06-11-35-15_side_0206.jpg,15,17,2,2,11,4,6
tomates_2020-08-06-11-35-15_side_0211.jpg,7,5,-2,2,1,6,4
tomates_2020-08-06-11-35-15_side_0213.jpg,6,8,2,2,1,5,7
tomates_2020-08-06-11-35-15_side_0215.jpg,7,9,2,2,6,1,3
tomates_2020-08-06-11-35-15_side_0217.jpg,11,13,2,2,7,4,6
tomates_2020-08-06-11-35-15_side_0221.jpg,7,5,-2,2,3,4,2
tomates_2020-08-06-11-35-15_side_0227.jpg,10,12,2,2,6,4,6
tomates_2020-08-06-11-35-15_side_0231.jpg,6,8,2,2,6,0,2
tomates_2020-08-06-11-35-15_side_0242.jpg,14,16,2,2,11,3,5
tomates_2020-08-06-11-35-15_side_0250.jpg,5,7,2,2,2,3,5
tomates_2020-08-06-11-35-15_side_0068.jpg,5,6,1,1,5,0,1
tomates_2020-08-06-11-35-15_side_0091.jpg,20,21,1,1,14,6,7
tomates_2020-08-06-11-35-15_side_0095.jpg,16,17,1,1,7,9,10
tomates_2020-08-06-11-35-15_side_0110.jpg,29,30,1,1,15,14,15
tomates_2020-08-06-11-35-15_side_0112.jpg,15,16,1,1,5,10,11
tomates_2020-08-06-11-35-15_side_0114.jpg,10,11,1,1,5,5,6
tomates_2020-08-06-11-35-15_side_0115.jpg,8,9,1,1,3,5,6
tomates_2020-08-06-11-35-15_side_0120.jpg,5,6,1,1,0,5,6
tomates_2020-08-06-11-35-15_side_0124.jpg,20,19,-1,1,7,13,12
tomates_2020-08-06-11-35-15_side_0130.jpg,12,11,-1,1,8,4,3
tomates_2020-08-06-11-35-15_side_0132.jpg,7,8,1,1,4,3,4
tomates_2020-08-06-11-35-15_side_0133.jpg,12,13,1,1,7,5,6
tomates_2020-08-06-11-35-15_side_0149.jpg,17,18,1,1,7,10,11
tomates_2020-08-06-11-35-15_side_0171.jpg,13,14,1,1,4,9,10
tomates_2020-08-06-11-35-15_side_0193.jpg,3,4,1,1,1,2,3
tomates_2020-08-06-11-35-15_side_0204.jpg,10,11,1,1,6,4,5
tomates_2020-08-06-11-35-15_side_0205.jpg,10,11,1,1,9,1,2
tomates_2020-08-06-11-35-15_side_0208.jpg,6,5,-1,1,4,2,1
tomates_2020-08-06-11-35-15_side_0220.jpg,9,10,1,1,2,7,8
tomates_2020-08-06-11-35-15_side_0232.jpg,2,1,-1,1,1,1,0
tomates_2020-08-06-11-35-15_side_0236.jpg,4,5,1,1,3,1,2
tomates_2020-08-06-11-35-15_side_0243.jpg,7,8,1,1,1,6,7
tomates_2020-08-06-11-35-15_side_0245.jpg,10,11,1,1,6,4,5
tomates_2020-08-06-11-35-15_side_0109.jpg,21,21,0,0,14,7,7
tomates_2020-08-06-11-35-15_side_0116.jpg,19,19,0,0,7,12,12
tomates_2020-08-06-11-35-15_side_0201.jpg,12,12,0,0,11,1,1
tomates_2020-08-06-11-35-15_side_0214.jpg,10,10,0,0,4,6,6
tomates_2020-08-06-11-35-15_side_0216.jpg,11,11,0,0,6,5,5
tomates_2020-08-06-11-35-15_side_0223.jpg,2,2,0,0,1,1,1
tomates_2020-08-06-11-35-15_side_0224.jpg,5,5,0,0,2,3,3
tomates_2020-08-06-11-35-15_side_0230.jpg,9,9,0,0,6,3,3
tomates_2020-08-06-11-35-15_side_0238.jpg,7,7,0,0,2,5,5
