epoch,train_loss,valid_loss,valid_count_mae_at_0_3,best_epoch
1,1.73196,1.67745,82.175,True
2,1.50255,1.50627,63.6,True
3,1.40315,1.43393,47.525,True
4,1.32916,1.40394,31,True
5,1.25832,1.34342,32.275,True
6,1.24399,1.362,32,False
7,1.21255,1.3306,26.575,True
8,1.19465,1.31236,27.725,True
9,1.19484,1.29501,22.725,True
10,1.17702,1.33764,25.525,False
11,1.12914,1.27545,27.825,True
12,1.12202,1.34166,24.775,False
13,1.11978,1.27647,27.2,False
14,1.09427,1.27015,26,True
15,1.08807,1.28394,27.55,False
